GameID,GameTitle,Genre,Developer,ReleaseDate
1,Right-sized human-resource forecast,Adventure,Pixel Studios,02-24-2024
2,Optional tertiary frame,Simulation,StarGame Studios,11-02-2021
3,Team-oriented static standardization,Simulation,Pixel Studios,08-16-2022
4,Inverse mobile database,Strategy,Sunrise Interactive,03-15-2024
5,Inverse mission-critical array,Adventure,Pixel Studios,05-08-2022
6,Integrated tertiary installation,Action,Sunrise Interactive,12-09-2022
7,Team-oriented non-volatile initiative,Strategy,SeaWave Games,12-11-2023
8,Quality-focused static frame,Puzzle,Sunrise Interactive,09-04-2021
9,Synergized multi-state moratorium,Action,DarkMoon Games,09-05-2023
10,Intuitive directional moderator,Strategy,DarkMoon Games,06-10-2022
11,Decentralized leadingedge toolset,Strategy,StarGame Studios,08-04-2023
12,Horizontal context-sensitive monitoring,Sci-Fi,StarGame Studios,06-27-2023
13,Expanded tangible challenge,Sci-Fi,Sunrise Interactive,07-10-2023
14,Multi-lateral non-volatile workforce,Adventure,Pixel Studios,09-11-2023
15,User-centric analyzing definition,Sci-Fi,StarGame Studios,06-16-2023
16,Persevering tertiary portal,Adventure,Pixel Studios,01-03-2024
17,Advanced systematic challenge,Action,SeaWave Games,04-25-2023
18,Assimilated even-keeled groupware,Adventure,StarGame Studios,07-18-2022
19,Customer-focused bottom-line algorithm,Strategy,Pixel Studios,11-06-2021
20,Synergized asynchronous infrastructure,Strategy,StarGame Studios,01-30-2024
21,Digitized client-driven Graphic Interface,Puzzle,Sunrise Interactive,12-14-2022
22,Persevering hybrid moratorium,Simulation,StarGame Studios,05-08-2024
23,User-centric static groupware,Puzzle,StarGame Studios,07-23-2024
24,Horizontal scalable capability,Strategy,StarGame Studios,06-29-2022
25,Configurable demand-driven interface,Puzzle,SeaWave Games,03-15-2024
26,Upgradable solution-oriented forecast,Adventure,DarkMoon Games,05-23-2022
27,Cloned 24hour analyzer,Action,SeaWave Games,06-24-2024
28,Proactive global productivity,Simulation,DarkMoon Games,10-03-2021
29,Future-proofed client-driven model,Action,StarGame Studios,06-22-2023
30,Upgradable directional Local Area Network,Adventure,SeaWave Games,11-13-2021
31,Assimilated demand-driven intranet,Strategy,Sunrise Interactive,05-12-2022
32,Extended tangible secured line,Action,SeaWave Games,01-15-2024
33,Open-architected background firmware,Simulation,StarGame Studios,10-23-2021
34,Proactive dynamic migration,Action,Sunrise Interactive,04-26-2023
35,Versatile logistical task-force,Sci-Fi,Sunrise Interactive,10-31-2021
36,Pre-emptive grid-enabled data-warehouse,Simulation,StarGame Studios,05-26-2024
37,Function-based upward-trending knowledge user,Sci-Fi,DarkMoon Games,04-10-2024
38,De-engineered high-level Local Area Network,Sci-Fi,DarkMoon Games,10-20-2022
39,Upgradable well-modulated encoding,Adventure,Pixel Studios,04-06-2023
40,Reduced encompassing workforce,Puzzle,DarkMoon Games,10-27-2022
41,Universal content-based approach,Adventure,StarGame Studios,06-07-2022
42,Ameliorated user-facing benchmark,Action,StarGame Studios,05-01-2024
43,Centralized secondary Internet solution,Simulation,DarkMoon Games,12-21-2021
44,Ergonomic incremental software,Action,Pixel Studios,11-22-2023
45,Programmable actuating open architecture,Puzzle,Pixel Studios,11-05-2022
46,Cross-platform disintermediate matrices,Simulation,StarGame Studios,10-17-2021
47,Exclusive eco-centric encoding,Adventure,SeaWave Games,07-29-2022
48,Multi-tiered incremental time-frame,Sci-Fi,Sunrise Interactive,10-16-2022
49,Expanded cohesive data-warehouse,Strategy,Sunrise Interactive,12-19-2021
50,Reactive mission-critical groupware,Action,StarGame Studios,05-22-2024
51,Exclusive zero administration data-warehouse,Sci-Fi,Sunrise Interactive,05-03-2024
52,Implemented system-worthy database,Sci-Fi,StarGame Studios,09-22-2022
53,Re-contextualized empowering projection,Sci-Fi,Pixel Studios,01-01-2024
54,Front-line full-range conglomeration,Simulation,SeaWave Games,04-20-2024
55,Intuitive even-keeled orchestration,Strategy,StarGame Studios,03-14-2024
56,Open-source eco-centric architecture,Simulation,Pixel Studios,10-13-2022
57,Customer-focused even-keeled installation,Action,SeaWave Games,07-16-2023
58,Object-based upward-trending flexibility,Action,SeaWave Games,01-10-2022
59,Object-based client-server parallelism,Simulation,SeaWave Games,08-24-2022
60,Horizontal systematic algorithm,Strategy,DarkMoon Games,03-26-2022
61,Devolved high-level service-desk,Strategy,DarkMoon Games,05-15-2024
62,Managed tangible solution,Puzzle,SeaWave Games,10-16-2021
63,Robust bi-directional time-frame,Adventure,StarGame Studios,09-24-2022
64,Face-to-face incremental emulation,Sci-Fi,DarkMoon Games,02-17-2023
65,Front-line high-level knowledge user,Puzzle,Sunrise Interactive,04-26-2023
66,Inverse optimal access,Sci-Fi,SeaWave Games,10-10-2021
67,Virtual non-volatile knowledgebase,Action,StarGame Studios,11-02-2022
68,Monitored multimedia archive,Simulation,SeaWave Games,06-28-2022
69,Focused human-resource alliance,Strategy,Pixel Studios,09-15-2021
70,Assimilated systematic function,Adventure,DarkMoon Games,12-05-2022
71,Face-to-face 5thgeneration time-frame,Adventure,Pixel Studios,08-04-2022
72,Assimilated bandwidth-monitored paradigm,Adventure,SeaWave Games,04-11-2024
73,Monitored neutral time-frame,Strategy,DarkMoon Games,11-09-2021
74,Open-architected object-oriented throughput,Puzzle,Pixel Studios,12-28-2023
75,Visionary local standardization,Action,DarkMoon Games,04-21-2024
76,Multi-layered reciprocal migration,Simulation,StarGame Studios,03-28-2022
77,Programmable human-resource time-frame,Sci-Fi,DarkMoon Games,05-20-2022
78,Distributed empowering frame,Adventure,Pixel Studios,05-24-2023
79,Balanced upward-trending time-frame,Adventure,DarkMoon Games,12-03-2023
80,Right-sized value-added knowledge user,Strategy,StarGame Studios,06-21-2023
81,Triple-buffered attitude-oriented Local Area Network,Action,DarkMoon Games,02-19-2024
82,Programmable clear-thinking intranet,Simulation,Sunrise Interactive,03-10-2024
83,Profit-focused real-time info-mediaries,Action,Sunrise Interactive,10-25-2021
84,Intuitive high-level software,Action,Pixel Studios,11-30-2022
85,Open-source methodical task-force,Adventure,StarGame Studios,08-26-2021
86,Intuitive systemic focus group,Adventure,StarGame Studios,08-22-2023
87,Horizontal zero-defect definition,Simulation,DarkMoon Games,02-15-2023
88,Intuitive secondary structure,Adventure,SeaWave Games,07-01-2024
89,Versatile 5thgeneration extranet,Action,SeaWave Games,08-04-2024
90,Triple-buffered neutral solution,Action,SeaWave Games,01-21-2024
91,Intuitive holistic adapter,Adventure,SeaWave Games,08-16-2024
92,Virtual high-level moderator,Action,SeaWave Games,11-20-2021
93,Face-to-face executive instruction set,Strategy,Pixel Studios,04-24-2023
94,Progressive intangible challenge,Adventure,DarkMoon Games,09-20-2023
95,Streamlined stable capacity,Action,StarGame Studios,04-04-2023
96,Re-engineered stable instruction set,Action,SeaWave Games,06-20-2022
97,Vision-oriented neutral capability,Action,SeaWave Games,11-30-2021
98,Virtual local task-force,Adventure,StarGame Studios,04-13-2024
99,Face-to-face eco-centric throughput,Puzzle,Sunrise Interactive,08-10-2023
100,Persevering systemic help-desk,Adventure,Pixel Studios,10-18-2021
101,Pre-emptive impactful projection,Action,StarGame Studios,09-26-2021
102,Inverse zero tolerance solution,Adventure,Sunrise Interactive,06-20-2023
103,Self-enabling systematic hub,Action,Sunrise Interactive,04-11-2024
104,Reduced explicit moderator,Puzzle,SeaWave Games,05-13-2023
105,Up-sized 5thgeneration architecture,Adventure,Sunrise Interactive,02-01-2023
106,Diverse well-modulated pricing structure,Adventure,DarkMoon Games,02-12-2024
107,Automated human-resource firmware,Adventure,SeaWave Games,12-04-2023
108,Right-sized zero-defect groupware,Puzzle,StarGame Studios,05-05-2023
109,Horizontal responsive contingency,Action,StarGame Studios,07-27-2023
110,Realigned directional flexibility,Simulation,Sunrise Interactive,01-22-2022
111,Assimilated neutral parallelism,Action,Sunrise Interactive,03-23-2022
112,Devolved non-volatile info-mediaries,Adventure,StarGame Studios,05-20-2023
113,Networked systemic secured line,Action,DarkMoon Games,09-18-2022
114,Re-engineered attitude-oriented moratorium,Adventure,Sunrise Interactive,07-09-2024
115,User-centric context-sensitive analyzer,Adventure,Sunrise Interactive,11-13-2022
116,Virtual mission-critical workforce,Action,Sunrise Interactive,10-24-2022
117,Balanced mobile model,Puzzle,StarGame Studios,09-28-2022
118,Progressive 24/7 orchestration,Strategy,StarGame Studios,07-15-2023
119,Decentralized client-server strategy,Adventure,DarkMoon Games,05-05-2022
120,Configurable tertiary software,Action,SeaWave Games,09-17-2021
121,Innovative exuding instruction set,Strategy,Sunrise Interactive,08-05-2022
122,Networked modular software,Action,StarGame Studios,09-27-2023
123,Object-based bandwidth-monitored customer loyalty,Puzzle,StarGame Studios,11-06-2022
124,Ameliorated well-modulated protocol,Sci-Fi,SeaWave Games,07-23-2024
125,Advanced 3rdgeneration capability,Strategy,Pixel Studios,04-20-2024
126,Pre-emptive incremental knowledge user,Simulation,Sunrise Interactive,02-03-2022
127,Reverse-engineered responsive process improvement,Adventure,DarkMoon Games,03-07-2024
128,Persistent cohesive circuit,Simulation,SeaWave Games,06-22-2024
129,Face-to-face bottom-line paradigm,Action,DarkMoon Games,02-04-2022
130,Horizontal demand-driven monitoring,Strategy,Pixel Studios,04-04-2022
131,Business-focused bifurcated orchestration,Action,DarkMoon Games,12-31-2021
132,Down-sized 24hour Local Area Network,Simulation,DarkMoon Games,05-20-2023
133,Synergized encompassing throughput,Simulation,Sunrise Interactive,05-30-2022
134,User-centric tertiary functionalities,Sci-Fi,Sunrise Interactive,07-19-2023
135,Synchronized directional adapter,Simulation,Pixel Studios,04-24-2023
136,Integrated 5thgeneration neural-net,Adventure,Pixel Studios,11-11-2021
137,Networked contextually-based function,Adventure,Sunrise Interactive,03-12-2022
138,Persistent fault-tolerant budgetary management,Simulation,StarGame Studios,03-14-2023
139,Front-line neutral project,Puzzle,StarGame Studios,01-16-2022
140,Fundamental background methodology,Strategy,Pixel Studios,03-14-2023
141,Re-engineered eco-centric productivity,Sci-Fi,Sunrise Interactive,12-04-2021
142,Universal dynamic neural-net,Adventure,StarGame Studios,12-05-2021
143,Quality-focused zero administration algorithm,Action,StarGame Studios,09-04-2022
144,Extended mobile Graphic Interface,Simulation,Pixel Studios,04-16-2024
145,Re-contextualized analyzing hardware,Adventure,StarGame Studios,09-17-2022
146,Multi-layered eco-centric approach,Puzzle,DarkMoon Games,06-19-2024
147,Pre-emptive contextually-based moderator,Sci-Fi,DarkMoon Games,08-10-2024
148,Cross-group 24/7 benchmark,Strategy,SeaWave Games,05-30-2023
149,Organized dynamic moderator,Strategy,Sunrise Interactive,09-08-2022
150,Front-line regional hierarchy,Strategy,SeaWave Games,01-18-2023
